airport,date,windSpeedKmph,WindDirDegree,WeatherCode,precipMM,visibility,pressure,cloudcover,DewPointF,WindGustKmph,tempF,WindChillF,humidity,time
SEA,2017-09-01,4,24,113,0.0,10,1021,0,58,5,70,70,81,0
SEA,2017-09-01,3,19,113,0.0,10,1020,7,58,5,68,68,78,100
SEA,2017-09-01,3,14,113,0.0,10,1020,13,58,4,65,65,76,200
SEA,2017-09-01,3,10,113,0.0,10,1020,20,58,4,63,63,73,300
SEA,2017-09-01,3,8,113,0.0,10,1020,18,57,4,62,62,73,400
SEA,2017-09-01,3,6,113,0.0,10,1020,17,56,4,62,62,73,500
SEA,2017-09-01,3,5,113,0.0,10,1020,16,55,4,62,62,73,600
SEA,2017-09-01,4,5,113,0.0,10,1020,16,54,4,63,63,71,700
SEA,2017-09-01,5,5,113,0.0,10,1020,15,53,5,65,65,69,800
SEA,2017-09-01,5,4,113,0.0,10,1020,15,51,6,67,67,66,900
SEA,2017-09-01,7,4,113,0.0,10,1020,10,49,8,70,70,61,1000
SEA,2017-09-01,9,5,113,0.0,10,1020,5,47,10,73,73,57,1100
SEA,2017-09-01,10,5,113,0.0,10,1020,0,46,12,77,77,52,1200
SEA,2017-09-01,11,5,113,0.0,10,1019,0,44,13,78,78,49,1300
SEA,2017-09-01,12,6,113,0.0,10,1019,0,43,15,80,80,45,1400
SEA,2017-09-01,13,7,113,0.0,10,1018,0,41,16,81,81,42,1500
SEA,2017-09-01,13,8,113,0.0,10,1018,0,42,17,81,81,41,1600
SEA,2017-09-01,13,10,113,0.0,10,1018,0,43,19,80,80,40,1700
SEA,2017-09-01,13,11,113,0.0,10,1017,0,44,20,80,80,40,1800
SEA,2017-09-01,12,15,113,0.0,10,1017,0,46,19,78,78,41,1900
SEA,2017-09-01,10,18,113,0.0,10,1017,0,47,18,77,77,43,2000
SEA,2017-09-01,9,22,113,0.0,10,1017,0,49,17,75,75,45,2100
SEA,2017-09-01,8,23,113,0.0,10,1016,0,49,15,73,73,48,2200
SEA,2017-09-01,8,25,113,0.0,10,1016,0,50,14,71,71,52,2300
SEA,2017-09-02,7,27,113,0.0,10,1016,0,50,12,69,69,55,0
SEA,2017-09-02,6,26,113,0.0,10,1016,0,51,11,69,69,57,100
SEA,2017-09-02,6,25,113,0.0,10,1015,0,52,10,68,68,59,200
SEA,2017-09-02,5,24,113,0.0,10,1015,0,53,9,67,67,61,300
SEA,2017-09-02,5,23,113,0.0,10,1015,0,54,8,68,67,62,400
SEA,2017-09-02,5,21,113,0.0,10,1015,0,54,8,68,67,63,500
SEA,2017-09-02,5,20,113,0.0,10,1015,0,55,7,69,67,64,600
SEA,2017-09-02,5,17,113,0.0,10,1015,0,56,7,72,70,62,700
SEA,2017-09-02,6,14,113,0.0,10,1015,0,57,7,74,72,60,800
SEA,2017-09-02,6,10,113,0.0,10,1015,0,58,6,77,74,58,900
SEA,2017-09-02,7,7,113,0.0,10,1015,0,58,8,80,77,53,1000
SEA,2017-09-02,7,4,113,0.0,10,1015,0,58,9,83,80,48,1100
SEA,2017-09-02,8,1,113,0.0,10,1015,0,58,10,86,83,44,1200
SEA,2017-09-02,9,1,113,0.0,10,1015,0,59,11,87,85,41,1300
SEA,2017-09-02,10,2,113,0.0,10,1014,0,59,12,89,87,39,1400
SEA,2017-09-02,11,2,113,0.0,10,1014,0,59,13,91,89,37,1500
SEA,2017-09-02,11,4,113,0.0,10,1014,0,59,13,89,88,38,1600
SEA,2017-09-02,11,6,113,0.0,10,1014,0,59,13,88,87,39,1700
SEA,2017-09-02,11,9,113,0.0,10,1013,0,59,13,87,86,40,1800
SEA,2017-09-02,10,13,113,0.0,10,1014,0,59,12,85,85,42,1900
SEA,2017-09-02,9,18,113,0.0,10,1014,0,60,11,84,84,45,2000
SEA,2017-09-02,8,22,113,0.0,10,1014,0,60,10,82,82,47,2100
SEA,2017-09-02,7,26,113,0.0,10,1014,0,60,9,80,80,50,2200
SEA,2017-09-02,6,29,113,0.0,10,1014,0,60,8,79,79,53,2300
SEA,2017-09-03,6,32,113,0.0,10,1015,0,60,6,77,77,56,0
SEA,2017-09-03,6,31,113,0.0,10,1014,0,60,6,75,75,59,100
SEA,2017-09-03,5,29,113,0.0,10,1014,0,60,6,73,73,62,200
SEA,2017-09-03,5,28,113,0.0,10,1014,0,60,6,72,72,65,300
SEA,2017-09-03,5,28,113,0.0,10,1014,0,60,6,72,71,67,400
SEA,2017-09-03,5,29,113,0.0,10,1015,0,60,6,72,71,69,500
SEA,2017-09-03,5,30,113,0.0,10,1015,0,60,6,71,70,70,600
SEA,2017-09-03,5,26,113,0.0,10,1015,0,60,6,74,72,68,700
SEA,2017-09-03,6,23,113,0.0,10,1015,0,61,7,76,73,66,800
SEA,2017-09-03,6,20,113,0.0,10,1016,0,61,7,78,75,64,900
SEA,2017-09-03,8,15,113,0.0,10,1016,0,61,9,80,77,58,1000
SEA,2017-09-03,9,10,113,0.0,10,1016,0,60,10,82,80,53,1100
SEA,2017-09-03,10,5,113,0.0,10,1016,0,60,12,84,82,47,1200
SEA,2017-09-03,11,5,113,0.0,10,1016,3,60,13,85,83,46,1300
SEA,2017-09-03,12,5,116,0.0,10,1015,6,60,14,86,85,44,1400
SEA,2017-09-03,13,6,116,0.0,10,1015,9,61,14,88,86,43,1500
SEA,2017-09-03,12,7,116,0.0,10,1015,12,61,15,87,85,44,1600
SEA,2017-09-03,12,8,113,0.0,10,1015,14,61,15,87,85,45,1700
SEA,2017-09-03,12,10,113,0.0,10,1015,17,61,15,86,84,47,1800
SEA,2017-09-03,11,13,113,0.0,10,1015,12,61,15,85,83,48,1900
SEA,2017-09-03,10,17,113,0.0,10,1015,6,61,15,83,82,49,2000
SEA,2017-09-03,9,21,113,0.0,10,1016,0,61,15,82,82,51,2100
SEA,2017-09-03,8,25,113,0.0,10,1016,0,62,13,80,80,54,2200
SEA,2017-09-03,7,29,113,0.0,10,1016,0,62,11,78,78,58,2300
SEA,2017-09-04,6,34,113,0.0,10,1016,0,62,9,77,77,61,0
SEA,2017-09-04,6,35,113,0.0,10,1017,0,63,9,76,76,64,100
SEA,2017-09-04,6,36,113,0.0,10,1017,0,63,8,75,75,67,200
SEA,2017-09-04,5,37,113,0.0,10,1017,0,63,8,74,74,70,300
SEA,2017-09-04,6,34,113,0.0,10,1017,0,63,9,73,73,71,400
SEA,2017-09-04,6,32,113,0.0,10,1017,0,62,10,72,72,71,500
SEA,2017-09-04,7,30,113,0.0,10,1017,0,61,11,71,71,72,600
SEA,2017-09-04,8,25,113,0.0,10,1017,0,61,12,71,71,69,700
SEA,2017-09-04,9,20,113,0.0,10,1016,0,60,12,72,72,67,800
SEA,2017-09-04,10,15,113,0.0,10,1016,0,60,12,73,73,64,900
SEA,2017-09-04,11,51,113,0.0,10,1016,0,59,13,76,76,58,1000
SEA,2017-09-04,12,86,113,0.0,10,1016,0,59,14,79,79,52,1100
SEA,2017-09-04,13,122,113,0.0,10,1015,0,58,15,82,82,46,1200
SEA,2017-09-04,14,161,113,0.0,10,1015,0,58,16,83,83,43,1300
SEA,2017-09-04,14,201,113,0.0,10,1014,0,57,17,85,85,39,1400
SEA,2017-09-04,15,241,113,0.0,10,1014,0,56,17,87,87,36,1500
SEA,2017-09-04,14,162,113,0.0,10,1013,0,56,17,86,86,36,1600
SEA,2017-09-04,13,84,113,0.0,10,1013,0,56,17,86,86,37,1700
SEA,2017-09-04,13,6,113,0.0,10,1012,0,56,16,85,85,38,1800
SEA,2017-09-04,11,9,113,0.0,10,1012,2,57,16,84,84,41,1900
SEA,2017-09-04,10,12,113,0.0,10,1012,3,58,16,82,82,44,2000
SEA,2017-09-04,9,15,113,0.0,10,1012,5,58,15,81,81,47,2100
SEA,2017-09-04,8,18,113,0.0,10,1011,16,58,15,79,79,49,2200
SEA,2017-09-04,7,21,119,0.0,10,1011,27,57,14,77,77,51,2300
SEA,2017-09-05,6,24,119,0.0,10,1011,39,56,13,75,75,52,0
SEA,2017-09-05,6,24,119,0.0,10,1011,56,56,12,74,74,52,100
SEA,2017-09-05,6,24,122,0.0,10,1011,73,55,12,73,73,52,200
SEA,2017-09-05,6,24,122,0.0,10,1012,91,54,12,73,73,53,300
SEA,2017-09-05,6,24,122,0.0,10,1011,92,53,12,72,72,51,400
SEA,2017-09-05,6,23,122,0.0,10,1011,94,53,11,72,72,50,500
SEA,2017-09-05,5,22,122,0.0,10,1011,96,52,11,72,72,49,600
SEA,2017-09-05,5,60,122,0.0,10,1011,88,52,10,74,74,46,700
SEA,2017-09-05,5,97,116,0.0,10,1011,79,52,8,76,76,44,800
SEA,2017-09-05,5,134,116,0.0,10,1011,71,52,7,77,77,42,900
SEA,2017-09-05,5,205,116,0.0,10,1012,54,52,7,81,81,38,1000
SEA,2017-09-05,5,276,113,0.0,10,1012,37,52,7,85,85,34,1100
SEA,2017-09-05,6,347,113,0.0,10,1012,20,53,7,89,89,30,1200
SEA,2017-09-05,6,345,113,0.0,10,1012,17,52,8,91,91,27,1300
SEA,2017-09-05,7,343,113,0.0,10,1011,14,52,9,94,94,24,1400
SEA,2017-09-05,8,341,113,0.0,10,1011,11,51,9,96,96,22,1500
SEA,2017-09-05,8,346,113,0.0,10,1011,10,52,10,96,96,24,1600
SEA,2017-09-05,8,350,113,0.0,10,1011,10,54,11,95,95,26,1700
SEA,2017-09-05,9,354,113,0.0,10,1011,9,55,11,95,95,28,1800
SEA,2017-09-05,7,317,113,0.0,10,1011,6,58,9,92,92,34,1900
SEA,2017-09-05,5,279,113,0.0,10,1012,3,61,8,89,89,41,2000
SEA,2017-09-05,4,242,113,0.0,10,1012,0,63,6,86,86,47,2100
SEA,2017-09-05,3,186,113,0.0,10,1012,0,63,5,85,85,49,2200
SEA,2017-09-05,3,130,113,0.0,10,1012,0,63,4,83,83,52,2300
SEA,2017-09-06,2,74,113,0.0,10,1013,0,63,3,82,82,54,0
SEA,2017-09-06,2,118,113,0.0,10,1013,0,64,3,80,80,58,100
SEA,2017-09-06,3,162,113,0.0,10,1013,0,64,3,79,79,61,200
SEA,2017-09-06,3,206,113,0.0,10,1013,0,64,3,77,77,64,300
SEA,2017-09-06,3,205,113,0.0,10,1013,0,63,4,75,75,67,400
SEA,2017-09-06,4,205,113,0.0,10,1013,0,63,4,73,73,70,500
SEA,2017-09-06,4,204,113,0.0,10,1013,0,63,4,72,72,74,600
SEA,2017-09-06,4,207,113,0.0,10,1014,1,62,5,72,72,72,700
SEA,2017-09-06,5,211,113,0.0,10,1014,2,62,5,72,72,71,800
SEA,2017-09-06,5,214,113,0.0,10,1014,3,61,6,72,72,70,900
SEA,2017-09-06,6,217,113,0.0,10,1014,10,61,6,73,73,66,1000
SEA,2017-09-06,6,219,116,0.0,10,1014,16,61,7,75,75,63,1100
SEA,2017-09-06,7,222,116,0.0,10,1014,23,61,8,76,76,60,1200
SEA,2017-09-06,7,220,116,0.0,10,1013,35,61,8,76,76,60,1300
SEA,2017-09-06,8,218,119,0.0,10,1013,48,62,9,76,76,61,1400
SEA,2017-09-06,9,216,119,0.0,10,1013,60,62,10,76,76,62,1500
SEA,2017-09-06,9,215,119,0.0,10,1013,57,63,10,77,77,61,1600
SEA,2017-09-06,8,214,113,0.0,10,1013,54,63,10,78,78,60,1700
SEA,2017-09-06,8,213,113,0.0,10,1013,51,64,10,79,79,60,1800
SEA,2017-09-06,8,214,113,0.0,10,1013,34,64,10,79,79,61,1900
SEA,2017-09-06,8,215,113,0.0,10,1013,17,64,10,79,79,62,2000
SEA,2017-09-06,7,216,113,0.0,10,1013,0,65,10,79,79,63,2100
SEA,2017-09-06,8,210,113,0.0,10,1013,11,64,11,76,76,66,2200
SEA,2017-09-06,8,204,122,0.0,10,1013,22,63,11,74,74,70,2300
SEA,2017-09-07,8,198,122,0.0,10,1013,33,63,12,71,71,74,0
SEA,2017-09-07,8,196,122,0.0,10,1013,51,62,11,69,69,77,100
SEA,2017-09-07,7,193,116,0.0,10,1013,69,61,10,67,67,81,200
SEA,2017-09-07,6,190,116,0.0,10,1014,86,60,9,65,65,84,300
SEA,2017-09-07,5,199,116,0.0,10,1014,82,60,7,65,65,85,400
SEA,2017-09-07,4,207,122,0.0,10,1014,78,60,6,64,64,86,500
SEA,2017-09-07,4,215,122,0.0,10,1014,74,60,5,64,64,88,600
SEA,2017-09-07,3,238,122,0.0,10,1014,82,60,4,64,64,87,700
SEA,2017-09-07,3,261,122,0.0,10,1014,91,60,3,64,64,87,800
SEA,2017-09-07,3,283,122,0.0,10,1014,99,60,3,64,64,87,900
SEA,2017-09-07,2,255,122,0.0,10,1014,98,60,3,65,65,84,1000
SEA,2017-09-07,2,227,122,0.0,10,1014,98,60,3,66,66,81,1100
SEA,2017-09-07,2,198,122,0.0,10,1013,97,60,3,67,67,78,1200
SEA,2017-09-07,2,163,122,0.0,10,1013,97,60,3,69,69,74,1300
SEA,2017-09-07,2,128,122,0.0,10,1013,96,60,3,70,70,70,1400
SEA,2017-09-07,3,93,122,0.0,10,1012,96,60,3,72,72,67,1500
SEA,2017-09-07,3,151,122,0.0,10,1012,84,61,3,74,74,65,1600
SEA,2017-09-07,3,210,113,0.0,10,1011,72,62,3,75,75,64,1700
SEA,2017-09-07,3,269,113,0.0,10,1011,60,63,4,77,77,63,1800
SEA,2017-09-07,3,260,113,0.0,10,1011,51,64,5,77,77,65,1900
SEA,2017-09-07,4,252,122,0.0,10,1011,43,65,6,77,77,67,2000
SEA,2017-09-07,5,244,122,0.0,10,1011,35,66,6,77,77,69,2100
SEA,2017-09-07,6,231,122,0.0,10,1011,56,64,8,74,74,71,2200
SEA,2017-09-07,7,218,122,0.0,10,1012,78,63,9,72,72,74,2300
SEA,2017-09-08,8,206,122,0.0,10,1013,100,61,10,69,69,76,0
SEA,2017-09-08,7,205,122,0.0,10,1013,100,61,10,68,68,80,100
SEA,2017-09-08,7,204,122,0.0,10,1013,100,61,10,66,66,83,200
SEA,2017-09-08,7,203,122,0.0,10,1013,100,61,10,65,65,87,300
SEA,2017-09-08,7,201,122,0.0,10,1013,100,61,10,65,65,87,400
SEA,2017-09-08,8,200,122,0.0,10,1013,100,61,10,65,65,87,500
SEA,2017-09-08,8,198,122,0.0,10,1013,100,61,10,64,64,87,600
SEA,2017-09-08,8,199,122,0.0,10,1014,100,61,10,64,64,87,700
SEA,2017-09-08,8,201,122,0.0,10,1014,100,60,10,65,65,86,800
SEA,2017-09-08,8,202,122,0.0,10,1014,100,60,10,65,65,86,900
SEA,2017-09-08,8,202,122,0.0,10,1014,99,60,10,65,65,84,1000
SEA,2017-09-08,8,203,122,0.0,10,1014,99,60,9,66,66,82,1100
SEA,2017-09-08,8,204,122,0.0,10,1015,98,60,9,66,66,80,1200
SEA,2017-09-08,9,204,122,0.0,10,1014,95,60,10,67,67,78,1300
SEA,2017-09-08,10,204,119,0.0,10,1014,92,60,12,68,68,76,1400
SEA,2017-09-08,11,204,119,0.0,10,1014,89,60,13,68,68,74,1500
SEA,2017-09-08,11,202,119,0.0,10,1014,86,60,13,69,69,73,1600
SEA,2017-09-08,11,201,119,0.0,10,1014,84,60,13,69,69,73,1700
SEA,2017-09-08,11,199,119,0.0,10,1014,81,60,13,69,69,72,1800
SEA,2017-09-08,10,198,119,0.0,10,1014,80,60,12,69,69,73,1900
SEA,2017-09-08,9,196,119,0.0,10,1014,79,60,11,68,68,74,2000
SEA,2017-09-08,8,195,119,0.0,10,1014,77,60,10,68,68,75,2100
SEA,2017-09-08,8,196,119,0.0,10,1014,73,59,12,67,67,76,2200
SEA,2017-09-08,9,198,116,0.0,10,1014,68,58,13,65,65,76,2300
SEA,2017-09-09,10,199,116,0.0,10,1014,64,57,14,64,64,77,0
SEA,2017-09-09,10,197,116,0.0,10,1015,64,56,14,62,62,78,100
SEA,2017-09-09,10,194,119,0.0,10,1015,64,55,15,61,61,80,200
SEA,2017-09-09,10,192,119,0.0,10,1015,65,54,15,60,59,81,300
SEA,2017-09-09,11,192,119,0.0,10,1016,69,53,15,59,58,81,400
SEA,2017-09-09,11,193,119,0.0,10,1016,74,52,15,58,56,82,500
SEA,2017-09-09,11,194,119,0.0,10,1016,79,51,15,57,55,82,600
SEA,2017-09-09,11,198,119,0.0,10,1017,81,51,15,57,55,81,700
SEA,2017-09-09,10,202,122,0.0,10,1017,83,51,14,57,56,80,800
SEA,2017-09-09,10,206,122,0.0,10,1017,85,51,14,57,56,79,900
SEA,2017-09-09,9,207,122,0.0,10,1018,90,51,13,57,56,78,1000
SEA,2017-09-09,9,208,122,0.0,10,1018,95,50,12,58,56,77,1100
SEA,2017-09-09,8,209,122,0.0,10,1019,100,50,12,58,57,76,1200
SEA,2017-09-09,8,200,122,0.0,10,1019,100,50,12,58,57,76,1300
SEA,2017-09-09,9,191,122,0.0,10,1019,100,50,12,57,56,77,1400
SEA,2017-09-09,9,182,122,0.0,10,1019,100,50,12,57,56,77,1500
SEA,2017-09-09,9,181,122,0.0,10,1020,100,51,13,57,57,79,1600
SEA,2017-09-09,10,180,122,0.0,10,1020,100,52,14,58,57,81,1700
SEA,2017-09-09,10,179,122,0.0,10,1020,100,53,15,58,57,83,1800
SEA,2017-09-09,9,183,122,0.0,10,1020,99,54,14,59,58,85,1900
SEA,2017-09-09,8,186,122,0.0,10,1020,98,56,12,60,60,87,2000
SEA,2017-09-09,7,190,122,0.0,10,1020,97,58,11,61,61,88,2100
SEA,2017-09-09,6,182,122,0.0,10,1021,94,57,9,61,61,88,2200
SEA,2017-09-09,5,175,119,0.0,10,1021,90,57,7,61,61,87,2300
SEA,2017-09-10,3,167,119,0.0,10,1021,86,57,5,61,61,87,0
SEA,2017-09-10,2,143,119,0.0,10,1022,81,56,3,61,60,86,100
SEA,2017-09-10,1,119,116,0.0,10,1022,75,56,2,60,60,86,200
SEA,2017-09-10,0,95,116,0.0,10,1023,70,55,1,60,60,85,300
SEA,2017-09-10,1,66,116,0.0,10,1024,64,54,1,59,59,84,400
SEA,2017-09-10,2,37,116,0.0,10,1024,58,53,2,59,58,82,500
SEA,2017-09-10,2,9,116,0.0,10,1025,52,52,3,58,58,81,600
SEA,2017-09-10,3,46,116,0.0,10,1025,44,51,3,58,58,77,700
SEA,2017-09-10,3,83,113,0.0,10,1025,36,50,3,59,59,74,800
SEA,2017-09-10,3,120,113,0.0,10,1026,29,50,4,60,60,70,900
SEA,2017-09-10,4,195,113,0.0,10,1026,22,50,4,62,62,65,1000
SEA,2017-09-10,4,271,113,0.0,10,1026,16,50,4,64,64,60,1100
SEA,2017-09-10,4,347,113,0.0,10,1026,10,50,5,67,67,55,1200
SEA,2017-09-10,5,310,113,0.0,10,1025,7,50,6,68,68,51,1300
SEA,2017-09-10,6,273,113,0.0,10,1025,4,50,7,70,70,48,1400
SEA,2017-09-10,7,236,113,0.0,10,1025,2,50,9,72,72,45,1500
SEA,2017-09-10,8,159,113,0.0,10,1025,1,50,9,73,73,45,1600
SEA,2017-09-10,8,81,113,0.0,10,1024,1,50,10,73,73,45,1700
SEA,2017-09-10,9,4,113,0.0,10,1024,0,51,10,73,73,45,1800
SEA,2017-09-10,8,8,113,0.0,10,1024,0,52,9,73,73,48,1900
SEA,2017-09-10,7,12,113,0.0,10,1024,0,53,8,73,73,51,2000
SEA,2017-09-10,6,17,113,0.0,10,1023,0,55,7,73,73,54,2100
SEA,2017-09-10,5,20,113,0.0,10,1023,0,55,6,71,71,57,2200
SEA,2017-09-10,4,24,113,0.0,10,1023,0,55,5,70,70,61,2300
SEA,2017-09-11,4,27,113,0.0,10,1023,0,55,4,68,68,64,0
SEA,2017-09-11,3,26,113,0.0,10,1022,0,55,4,67,67,67,100
SEA,2017-09-11,3,24,113,0.0,10,1022,0,55,4,66,66,69,200
SEA,2017-09-11,3,23,113,0.0,10,1022,0,55,4,65,65,72,300
SEA,2017-09-11,3,21,113,0.0,10,1022,0,55,4,64,64,73,400
SEA,2017-09-11,3,18,113,0.0,10,1021,0,54,4,63,63,74,500
SEA,2017-09-11,4,16,113,0.0,10,1021,0,54,4,62,62,74,600
SEA,2017-09-11,4,52,113,0.0,10,1021,0,53,4,63,63,71,700
SEA,2017-09-11,4,88,113,0.0,10,1021,1,53,5,65,65,67,800
SEA,2017-09-11,5,123,113,0.0,10,1021,1,53,5,66,66,64,900
SEA,2017-09-11,5,199,113,0.0,10,1020,2,52,6,69,69,57,1000
SEA,2017-09-11,6,275,113,0.0,10,1020,2,51,7,73,73,49,1100
SEA,2017-09-11,6,351,113,0.0,10,1019,3,51,8,76,76,42,1200
SEA,2017-09-11,6,313,113,0.0,10,1019,2,50,8,79,79,38,1300
SEA,2017-09-11,6,275,113,0.0,10,1018,1,50,8,81,81,34,1400
SEA,2017-09-11,6,236,113,0.0,10,1017,1,49,8,84,84,30,1500
SEA,2017-09-11,7,161,113,0.0,10,1017,1,50,8,83,83,32,1600
SEA,2017-09-11,7,85,113,0.0,10,1017,0,50,8,83,83,33,1700
SEA,2017-09-11,7,10,113,0.0,10,1016,0,51,8,82,82,34,1800
SEA,2017-09-11,6,15,113,0.0,10,1016,0,52,7,80,80,39,1900
SEA,2017-09-11,6,20,113,0.0,10,1017,0,53,7,78,78,44,2000
SEA,2017-09-11,5,25,113,0.0,10,1017,0,55,6,76,76,48,2100
SEA,2017-09-11,5,25,113,0.0,10,1017,0,55,5,74,74,52,2200
SEA,2017-09-11,4,24,113,0.0,10,1016,0,55,4,73,73,55,2300
SEA,2017-09-12,3,24,113,0.0,10,1016,0,55,3,71,71,58,0
SEA,2017-09-12,3,17,113,0.0,10,1016,3,55,3,69,69,61,100
SEA,2017-09-12,2,11,113,0.0,10,1016,6,55,3,68,68,64,200
SEA,2017-09-12,2,4,113,0.0,10,1016,8,55,2,66,66,66,300
SEA,2017-09-12,2,33,113,0.0,10,1016,14,54,2,65,65,69,400
SEA,2017-09-12,2,63,116,0.0,10,1016,19,54,2,63,63,72,500
SEA,2017-09-12,1,92,116,0.0,10,1016,25,54,2,62,62,75,600
SEA,2017-09-12,2,157,116,0.0,10,1016,29,54,2,62,62,74,700
SEA,2017-09-12,2,222,116,0.0,10,1016,33,54,3,63,63,74,800
SEA,2017-09-12,3,287,116,0.0,10,1016,38,55,3,63,63,74,900
SEA,2017-09-12,3,292,116,0.0,10,1016,44,55,3,64,64,71,1000
SEA,2017-09-12,3,297,116,0.0,10,1016,50,55,4,66,66,68,1100
SEA,2017-09-12,4,302,116,0.0,10,1016,57,55,5,67,67,66,1200
SEA,2017-09-12,4,304,116,0.0,10,1015,59,55,5,67,67,66,1300
SEA,2017-09-12,5,305,119,0.0,10,1015,61,55,5,67,67,66,1400
SEA,2017-09-12,5,307,119,0.0,10,1015,63,55,5,67,67,66,1500
SEA,2017-09-12,6,284,119,0.0,10,1015,69,56,6,67,67,67,1600
SEA,2017-09-12,6,261,122,0.0,10,1015,75,56,8,67,67,68,1700
SEA,2017-09-12,7,238,122,0.0,10,1014,81,56,9,66,66,70,1800
SEA,2017-09-12,6,185,122,0.0,10,1014,82,56,8,66,66,71,1900
SEA,2017-09-12,5,132,119,0.0,10,1014,82,56,7,66,66,72,2000
SEA,2017-09-12,5,78,119,0.0,10,1014,83,57,7,65,65,74,2100
SEA,2017-09-12,4,122,119,0.0,10,1014,78,56,6,64,64,75,2200
SEA,2017-09-12,4,167,119,0.0,10,1015,74,55,6,63,63,76,2300
SEA,2017-09-13,4,211,119,0.0,10,1015,70,54,5,61,61,77,0
SEA,2017-09-13,4,212,119,0.0,10,1015,71,54,6,61,61,77,100
SEA,2017-09-13,5,213,119,0.0,10,1015,73,53,7,60,60,77,200
SEA,2017-09-13,6,214,119,0.0,10,1015,75,52,8,59,60,78,300
SEA,2017-09-13,6,214,119,0.0,10,1015,74,52,7,59,60,78,400
SEA,2017-09-13,5,213,119,0.0,10,1015,73,52,7,59,60,78,500
SEA,2017-09-13,5,213,119,0.0,10,1015,72,52,6,58,60,79,600
SEA,2017-09-13,5,222,119,0.0,10,1016,73,51,6,58,60,77,700
SEA,2017-09-13,4,231,122,0.0,10,1016,75,51,5,58,60,76,800
SEA,2017-09-13,4,241,122,0.0,10,1016,76,50,5,58,59,75,900
SEA,2017-09-13,4,227,122,0.0,10,1016,74,50,5,60,60,70,1000
SEA,2017-09-13,5,212,113,0.0,10,1016,72,49,6,61,61,65,1100
SEA,2017-09-13,5,198,113,0.0,10,1015,70,49,6,62,62,60,1200
SEA,2017-09-13,7,132,113,0.0,10,1015,49,49,8,64,64,58,1300
SEA,2017-09-13,8,66,113,0.0,10,1014,28,49,9,66,66,55,1400
SEA,2017-09-13,9,1,113,0.0,10,1014,7,50,10,68,68,53,1500
SEA,2017-09-13,9,3,113,0.0,10,1014,5,50,11,68,68,52,1600
SEA,2017-09-13,9,6,113,0.0,10,1014,3,50,12,68,68,52,1700
SEA,2017-09-13,10,8,113,0.0,10,1013,1,50,12,69,69,52,1800
SEA,2017-09-13,8,15,113,0.0,10,1013,3,51,11,67,67,56,1900
SEA,2017-09-13,7,22,113,0.0,10,1013,5,51,10,66,66,60,2000
SEA,2017-09-13,6,28,113,0.0,10,1013,7,52,9,64,64,64,2100
SEA,2017-09-13,5,32,113,0.0,10,1013,19,51,8,62,62,67,2200
SEA,2017-09-13,5,35,119,0.0,10,1013,31,51,7,60,61,70,2300
SEA,2017-09-14,4,38,119,0.0,10,1013,43,50,6,59,59,73,0
SEA,2017-09-14,4,38,119,0.0,10,1013,58,50,5,58,58,73,100
SEA,2017-09-14,4,38,122,0.0,10,1013,74,49,5,57,58,74,200
SEA,2017-09-14,4,38,122,0.0,10,1013,90,49,5,57,57,74,300
SEA,2017-09-14,4,38,122,0.0,10,1013,84,48,5,56,56,74,400
SEA,2017-09-14,4,38,113,0.0,10,1013,78,48,4,56,56,73,500
SEA,2017-09-14,4,38,113,0.0,10,1013,72,47,4,56,55,72,600
SEA,2017-09-14,4,35,113,0.0,10,1014,53,46,5,57,56,69,700
SEA,2017-09-14,5,32,113,0.0,10,1014,34,46,6,58,57,65,800
SEA,2017-09-14,6,29,113,0.0,10,1014,14,45,7,59,58,62,900
SEA,2017-09-14,8,20,113,0.0,10,1014,10,44,9,61,61,56,1000
SEA,2017-09-14,10,12,113,0.0,10,1014,5,44,12,64,64,49,1100
SEA,2017-09-14,12,4,113,0.0,10,1014,0,43,14,66,66,43,1200
SEA,2017-09-14,12,3,113,0.0,10,1014,0,42,14,68,68,39,1300
SEA,2017-09-14,13,3,113,0.0,10,1014,0,41,15,69,69,36,1400
SEA,2017-09-14,13,2,113,0.0,10,1014,0,40,15,70,70,33,1500
SEA,2017-09-14,12,7,113,0.0,10,1014,0,40,14,70,70,33,1600
SEA,2017-09-14,11,12,113,0.0,10,1014,0,40,13,70,70,33,1700
SEA,2017-09-14,10,17,113,0.0,10,1014,0,39,12,70,70,32,1800
SEA,2017-09-14,8,33,113,0.0,10,1015,0,40,10,70,70,33,1900
SEA,2017-09-14,6,49,113,0.0,10,1015,0,41,7,71,71,34,2000
SEA,2017-09-14,4,65,113,0.0,10,1015,0,42,5,71,71,35,2100
SEA,2017-09-14,4,78,113,0.0,10,1016,0,42,4,69,69,38,2200
SEA,2017-09-14,3,92,113,0.0,10,1016,0,43,4,68,68,41,2300
SEA,2017-09-15,3,106,113,0.0,10,1016,0,44,3,67,67,44,0
SEA,2017-09-15,3,101,113,0.0,10,1016,0,44,3,65,65,47,100
SEA,2017-09-15,2,96,113,0.0,10,1017,0,45,3,64,64,50,200
SEA,2017-09-15,2,91,113,0.0,10,1017,0,45,3,62,62,54,300
SEA,2017-09-15,2,82,113,0.0,10,1017,0,46,2,61,61,56,400
SEA,2017-09-15,2,74,113,0.0,10,1017,0,46,2,60,61,59,500
SEA,2017-09-15,2,65,113,0.0,10,1018,0,46,2,59,60,61,600
SEA,2017-09-15,2,90,113,0.0,10,1018,0,45,3,60,61,59,700
SEA,2017-09-15,2,114,113,0.0,10,1018,0,45,3,61,62,56,800
SEA,2017-09-15,3,138,113,0.0,10,1018,0,44,3,62,63,53,900
SEA,2017-09-15,4,207,113,0.0,10,1018,0,43,4,65,66,46,1000
SEA,2017-09-15,5,276,113,0.0,10,1018,0,41,5,69,69,39,1100
SEA,2017-09-15,6,345,113,0.0,10,1018,1,40,6,72,72,32,1200
SEA,2017-09-15,6,308,113,0.0,10,1017,5,39,7,73,73,30,1300
SEA,2017-09-15,7,272,116,0.0,10,1017,9,39,8,74,74,28,1400
SEA,2017-09-15,7,235,116,0.0,10,1017,13,38,8,75,75,26,1500
SEA,2017-09-15,7,167,116,0.0,10,1016,18,38,8,74,74,26,1600
SEA,2017-09-15,7,100,113,0.0,10,1016,23,37,8,74,74,27,1700
SEA,2017-09-15,6,32,113,0.0,10,1016,28,37,8,73,73,27,1800
SEA,2017-09-15,6,52,113,0.0,10,1016,33,38,8,71,71,30,1900
SEA,2017-09-15,5,71,122,0.0,10,1016,38,38,8,70,70,32,2000
SEA,2017-09-15,4,91,122,0.0,10,1017,43,39,7,68,68,35,2100
SEA,2017-09-15,3,101,122,0.0,10,1016,62,39,7,66,66,37,2200
SEA,2017-09-15,3,111,122,0.0,10,1016,81,39,6,64,64,39,2300
SEA,2017-09-16,3,122,122,0.0,10,1016,100,39,6,62,62,42,0
SEA,2017-09-16,3,127,122,0.0,10,1016,100,39,5,61,61,43,100
SEA,2017-09-16,3,132,122,0.0,10,1016,99,39,4,60,60,45,200
SEA,2017-09-16,2,137,122,0.0,10,1016,99,39,4,59,60,46,300
SEA,2017-09-16,2,137,122,0.0,10,1016,93,39,3,59,59,47,400
SEA,2017-09-16,2,136,116,0.0,10,1016,88,39,3,59,59,48,500
SEA,2017-09-16,2,136,116,0.0,10,1016,83,39,3,58,59,49,600
SEA,2017-09-16,2,156,116,0.0,10,1016,73,40,3,60,60,48,700
SEA,2017-09-16,2,176,116,0.0,10,1016,63,40,3,61,61,47,800
SEA,2017-09-16,2,195,116,0.0,10,1016,53,41,3,62,63,46,900
SEA,2017-09-16,2,242,116,0.0,10,1016,45,41,3,66,66,42,1000
SEA,2017-09-16,3,289,113,0.0,10,1016,37,42,3,70,70,38,1100
SEA,2017-09-16,3,335,113,0.0,10,1015,30,42,4,73,73,33,1200
SEA,2017-09-16,4,317,113,0.0,10,1015,20,42,4,76,76,30,1300
SEA,2017-09-16,4,298,113,0.0,10,1014,11,41,5,79,79,27,1400
SEA,2017-09-16,5,280,113,0.0,10,1014,2,41,5,81,81,24,1500
SEA,2017-09-16,4,250,113,0.0,10,1013,5,41,5,80,80,25,1600
SEA,2017-09-16,4,219,116,0.0,10,1013,9,41,5,79,79,26,1700
SEA,2017-09-16,3,189,116,0.0,10,1013,12,40,5,77,77,27,1800
SEA,2017-09-16,3,146,116,0.0,10,1012,15,41,5,75,75,30,1900
SEA,2017-09-16,3,104,113,0.0,10,1012,18,43,6,73,73,34,2000
SEA,2017-09-16,4,61,113,0.0,10,1012,20,44,7,71,71,37,2100
SEA,2017-09-16,3,79,113,0.0,10,1012,20,44,6,70,70,39,2200
SEA,2017-09-16,3,97,116,0.0,10,1012,21,44,6,69,69,42,2300
SEA,2017-09-17,3,115,116,0.0,10,1011,21,45,6,67,67,44,0
SEA,2017-09-17,4,132,116,0.0,10,1011,36,44,7,65,64,48,100
SEA,2017-09-17,5,150,119,0.0,10,1011,51,43,8,62,61,52,200
SEA,2017-09-17,5,167,119,0.0,10,1011,66,43,9,59,58,57,300
SEA,2017-09-17,7,173,119,0.0,10,1011,70,45,11,58,56,64,400
SEA,2017-09-17,8,179,122,0.0,10,1011,75,47,13,56,55,71,500
SEA,2017-09-17,10,185,122,0.0,10,1011,79,49,15,55,53,79,600
SEA,2017-09-17,11,188,122,0.0,10,1011,83,49,16,55,52,79,700
SEA,2017-09-17,12,191,122,0.0,10,1011,88,48,17,55,52,79,800
SEA,2017-09-17,14,194,122,0.0,10,1011,92,48,18,55,52,80,900
SEA,2017-09-17,15,201,122,0.0,10,1011,94,48,19,55,53,77,1000
SEA,2017-09-17,16,208,122,0.0,10,1011,96,48,20,56,54,75,1100
SEA,2017-09-17,18,215,122,0.0,10,1010,98,48,21,57,55,73,1200
SEA,2017-09-17,17,216,122,0.3,10,1010,99,48,20,57,54,74,1300
SEA,2017-09-17,16,217,296,0.5,10,1009,99,49,20,56,54,75,1400
SEA,2017-09-17,16,219,296,0.8,10,1009,100,49,19,56,54,77,1500
SEA,2017-09-17,14,212,296,1.0,10,1009,100,49,18,55,53,81,1600
SEA,2017-09-17,12,205,122,1.3,10,1009,100,50,17,55,52,84,1700
SEA,2017-09-17,10,198,122,1.5,10,1008,100,51,15,54,51,88,1800
SEA,2017-09-17,12,199,122,1.0,10,1008,94,51,18,55,52,87,1900
SEA,2017-09-17,14,201,116,0.5,10,1008,87,51,21,55,52,85,2000
SEA,2017-09-17,16,202,116,0.0,10,1008,81,51,24,56,53,84,2100
SEA,2017-09-17,15,202,116,0.0,10,1008,69,49,23,55,52,82,2200
SEA,2017-09-17,14,203,116,0.0,10,1008,56,48,21,54,51,80,2300
SEA,2017-09-18,12,203,116,0.0,10,1009,44,47,19,53,50,78,0
SEA,2017-09-18,11,198,116,0.0,10,1009,43,46,17,53,50,79,100
SEA,2017-09-18,10,192,116,0.0,10,1009,41,46,15,52,50,80,200
SEA,2017-09-18,8,187,116,0.0,10,1009,40,46,13,52,49,81,300
SEA,2017-09-18,9,185,116,0.0,9,1008,45,46,14,51,49,83,400
SEA,2017-09-18,9,183,200,0.0,9,1008,49,47,14,51,49,85,500
SEA,2017-09-18,9,181,200,0.0,9,1008,54,47,14,51,48,86,600
SEA,2017-09-18,10,187,200,0.1,9,1008,67,47,15,51,48,86,700
SEA,2017-09-18,11,193,353,0.3,9,1007,79,47,16,51,48,86,800
SEA,2017-09-18,13,199,353,0.4,9,1007,92,47,17,51,48,86,900
SEA,2017-09-18,14,201,353,0.7,10,1007,88,47,18,52,49,83,1000
SEA,2017-09-18,15,204,353,1.0,10,1007,83,47,20,53,50,80,1100
SEA,2017-09-18,16,206,353,1.3,10,1007,79,46,21,54,50,76,1200
SEA,2017-09-18,17,206,353,1.2,10,1007,82,46,23,55,52,72,1300
SEA,2017-09-18,18,206,122,1.0,10,1007,84,45,25,56,53,68,1400
SEA,2017-09-18,18,205,122,0.9,10,1007,87,45,27,57,54,65,1500
SEA,2017-09-18,18,203,122,0.8,10,1007,89,45,26,56,54,67,1600
SEA,2017-09-18,17,201,353,0.8,10,1007,91,46,25,56,53,69,1700
SEA,2017-09-18,16,199,353,0.7,10,1007,93,46,24,55,53,71,1800
SEA,2017-09-18,15,192,353,1.1,10,1007,94,47,22,55,52,74,1900
SEA,2017-09-18,13,185,353,1.6,10,1007,96,47,20,54,52,78,2000
SEA,2017-09-18,12,178,353,2.0,10,1006,97,48,18,54,51,81,2100
SEA,2017-09-18,11,174,353,1.9,10,1006,98,48,18,53,50,83,2200
SEA,2017-09-18,11,170,353,1.8,10,1006,99,47,17,52,49,84,2300
SEA,2017-09-19,10,165,353,1.7,10,1005,100,47,17,51,48,86,0
SEA,2017-09-19,10,166,353,1.5,10,1005,98,47,15,51,48,86,100
SEA,2017-09-19,9,167,119,1.4,10,1005,96,47,14,51,47,87,200
SEA,2017-09-19,9,168,119,1.2,10,1005,95,47,13,51,47,87,300
SEA,2017-09-19,8,170,119,0.8,10,1005,93,47,13,51,47,87,400
SEA,2017-09-19,8,173,200,0.4,10,1005,91,47,12,51,47,87,500
SEA,2017-09-19,8,175,200,0.0,10,1005,89,47,11,51,47,86,600
SEA,2017-09-19,8,179,200,0.0,10,1005,93,47,11,51,48,86,700
SEA,2017-09-19,8,184,122,0.0,10,1006,96,47,11,51,49,86,800
SEA,2017-09-19,9,188,122,0.0,10,1006,100,48,12,52,49,86,900
SEA,2017-09-19,9,193,122,0.0,10,1006,98,48,12,53,50,83,1000
SEA,2017-09-19,9,198,119,0.0,9,1007,96,48,13,54,52,80,1100
SEA,2017-09-19,10,204,119,0.0,9,1007,95,48,14,55,53,77,1200
SEA,2017-09-19,11,204,119,0.2,8,1007,93,47,16,56,54,74,1300
SEA,2017-09-19,11,205,353,0.5,8,1007,90,47,18,56,55,71,1400
SEA,2017-09-19,12,206,353,0.7,7,1007,88,47,21,57,56,68,1500
SEA,2017-09-19,12,207,353,1.2,7,1007,90,47,21,57,56,68,1600
SEA,2017-09-19,11,209,356,1.8,7,1007,92,47,20,57,55,67,1700
SEA,2017-09-19,11,210,356,2.3,7,1007,94,46,20,57,55,67,1800
SEA,2017-09-19,10,207,356,2.3,7,1007,94,46,19,57,55,68,1900
SEA,2017-09-19,9,204,353,2.3,7,1007,93,46,18,56,55,69,2000
SEA,2017-09-19,8,201,353,2.3,7,1007,93,46,16,56,55,71,2100
SEA,2017-09-19,8,191,353,1.8,7,1007,90,47,16,55,54,73,2200
SEA,2017-09-19,8,182,119,1.3,8,1006,87,47,15,54,53,76,2300
SEA,2017-09-20,8,173,119,0.8,8,1006,84,47,15,53,52,78,0
SEA,2017-09-20,7,164,119,0.5,9,1006,80,47,12,53,52,79,100
SEA,2017-09-20,6,155,119,0.3,9,1005,75,47,10,53,52,80,200
SEA,2017-09-20,5,146,119,0.0,10,1005,71,47,8,52,52,81,300
SEA,2017-09-20,4,132,119,0.0,10,1004,73,47,6,52,52,81,400
SEA,2017-09-20,3,117,119,0.0,10,1004,75,46,5,52,51,81,500
SEA,2017-09-20,3,102,119,0.0,10,1003,78,46,4,51,51,81,600
SEA,2017-09-20,3,80,119,0.0,10,1003,70,46,4,52,50,80,700
SEA,2017-09-20,3,58,116,0.0,10,1003,63,45,4,52,50,79,800
SEA,2017-09-20,3,36,116,0.0,10,1003,55,45,4,52,50,78,900
SEA,2017-09-20,4,65,116,0.0,10,1004,47,44,5,53,51,73,1000
SEA,2017-09-20,5,94,116,0.0,10,1004,38,44,6,54,53,68,1100
SEA,2017-09-20,6,123,116,0.0,10,1005,30,43,7,56,54,63,1200
SEA,2017-09-20,6,201,116,0.0,10,1005,38,42,7,57,56,60,1300
SEA,2017-09-20,7,278,122,0.0,10,1005,46,42,8,58,57,56,1400
SEA,2017-09-20,7,356,122,0.0,10,1006,54,41,9,59,59,52,1500
SEA,2017-09-20,7,335,122,0.1,10,1006,64,42,9,58,58,55,1600
SEA,2017-09-20,7,314,353,0.3,10,1007,74,43,9,58,58,58,1700
SEA,2017-09-20,6,293,353,0.4,10,1007,85,43,9,57,57,60,1800
SEA,2017-09-20,6,252,353,0.5,10,1008,80,44,9,56,56,65,1900
SEA,2017-09-20,6,211,122,0.6,10,1009,75,46,10,56,55,70,2000
SEA,2017-09-20,6,171,122,0.7,10,1009,71,47,10,55,54,75,2100
SEA,2017-09-20,6,165,122,0.5,10,1010,80,47,10,54,53,76,2200
SEA,2017-09-20,6,159,122,0.2,10,1010,90,47,10,54,53,77,2300
SEA,2017-09-21,6,154,122,0.0,10,1010,100,47,10,53,52,78,0
SEA,2017-09-21,6,153,122,0.0,10,1011,98,47,10,53,52,79,100
SEA,2017-09-21,6,153,119,0.0,10,1011,96,47,10,53,51,80,200
SEA,2017-09-21,6,153,119,0.0,10,1011,94,47,9,52,51,81,300
SEA,2017-09-21,5,154,119,0.0,10,1011,90,47,9,52,51,82,400
SEA,2017-09-21,5,155,119,0.0,10,1012,85,47,8,52,50,83,500
SEA,2017-09-21,5,156,119,0.0,10,1012,81,47,7,51,50,84,600
SEA,2017-09-21,4,146,119,0.0,10,1013,81,46,6,51,51,83,700
SEA,2017-09-21,3,136,119,0.0,10,1013,81,46,4,52,51,82,800
SEA,2017-09-21,3,126,119,0.0,10,1013,82,46,3,52,51,82,900
SEA,2017-09-21,3,102,119,0.0,10,1013,77,46,3,53,53,78,1000
SEA,2017-09-21,3,78,116,0.0,10,1013,73,46,4,54,54,74,1100
SEA,2017-09-21,3,54,116,0.0,10,1014,69,46,4,55,56,71,1200
SEA,2017-09-21,6,40,116,0.0,10,1014,56,46,6,57,57,67,1300
SEA,2017-09-21,8,25,113,0.0,10,1014,43,45,9,58,58,63,1400
SEA,2017-09-21,10,10,113,0.0,10,1014,29,45,12,60,60,58,1500
SEA,2017-09-21,10,18,113,0.0,10,1014,23,46,12,60,60,58,1600
SEA,2017-09-21,10,25,113,0.0,10,1014,16,46,12,61,61,57,1700
SEA,2017-09-21,9,33,113,0.0,10,1014,10,47,12,62,62,57,1800
SEA,2017-09-21,8,51,113,0.0,10,1014,7,48,10,62,62,61,1900
SEA,2017-09-21,6,69,113,0.0,10,1015,3,50,8,63,63,64,2000
SEA,2017-09-21,4,88,113,0.0,10,1015,0,52,6,63,63,68,2100
SEA,2017-09-21,3,95,113,0.0,10,1015,0,52,5,62,62,72,2200
SEA,2017-09-21,3,101,113,0.0,10,1016,0,53,4,61,61,75,2300
SEA,2017-09-22,2,108,113,0.0,10,1016,0,53,3,60,60,78,0
SEA,2017-09-22,2,112,113,0.0,10,1016,0,52,3,59,59,80,100
SEA,2017-09-22,2,115,113,0.0,10,1016,0,52,3,58,58,82,200
SEA,2017-09-22,2,118,113,0.0,10,1016,0,52,4,57,57,83,300
SEA,2017-09-22,2,119,113,0.0,10,1016,0,51,3,56,56,84,400
SEA,2017-09-22,2,120,113,0.0,10,1017,0,51,3,55,55,86,500
SEA,2017-09-22,2,121,113,0.0,10,1017,0,50,3,54,55,87,600
SEA,2017-09-22,2,141,113,0.0,10,1017,0,50,3,55,55,83,700
SEA,2017-09-22,2,161,113,0.0,10,1017,0,49,4,56,56,79,800
SEA,2017-09-22,2,181,113,0.0,10,1017,0,48,4,56,56,76,900
SEA,2017-09-22,3,231,113,0.0,10,1017,0,48,5,59,59,68,1000
SEA,2017-09-22,5,282,113,0.0,10,1017,0,47,6,62,62,59,1100
SEA,2017-09-22,6,332,113,0.0,10,1017,0,46,8,65,65,51,1200
SEA,2017-09-22,6,301,113,0.0,10,1017,1,45,8,66,66,48,1300
SEA,2017-09-22,7,270,113,0.0,10,1017,1,44,9,67,67,44,1400
SEA,2017-09-22,8,238,113,0.0,10,1017,2,43,10,68,68,40,1500
SEA,2017-09-22,7,180,113,0.0,10,1016,3,44,9,68,68,42,1600
SEA,2017-09-22,7,122,113,0.0,10,1016,3,45,9,68,68,43,1700
SEA,2017-09-22,6,64,113,0.0,10,1016,4,45,8,69,69,44,1800
SEA,2017-09-22,6,95,113,0.0,10,1016,12,48,8,68,68,50,1900
SEA,2017-09-22,5,127,119,0.0,10,1016,20,50,8,67,67,56,2000
SEA,2017-09-22,5,159,119,0.0,10,1017,28,53,8,66,67,62,2100
SEA,2017-09-22,5,160,119,0.0,10,1017,48,51,9,64,64,64,2200
SEA,2017-09-22,5,161,122,0.0,10,1017,69,50,10,61,61,67,2300
SEA,2017-09-23,6,162,122,0.0,10,1017,89,49,10,58,58,70,0
SEA,2017-09-23,5,162,122,0.0,10,1017,91,49,10,58,58,72,100
SEA,2017-09-23,5,163,122,0.0,10,1017,94,49,9,57,57,74,200
SEA,2017-09-23,5,164,122,0.0,10,1017,96,49,9,56,56,76,300
SEA,2017-09-23,5,163,122,0.0,10,1017,90,49,9,56,55,78,400
SEA,2017-09-23,5,162,116,0.0,10,1017,85,49,8,55,55,80,500
SEA,2017-09-23,5,161,116,0.0,10,1017,79,49,8,55,54,82,600
SEA,2017-09-23,5,168,116,0.0,10,1018,74,50,7,55,54,83,700
SEA,2017-09-23,5,174,119,0.0,10,1018,69,50,7,55,54,84,800
SEA,2017-09-23,5,181,119,0.0,10,1019,64,50,6,55,55,85,900
SEA,2017-09-23,5,199,119,0.0,10,1019,62,51,6,56,56,82,1000
SEA,2017-09-23,5,217,113,0.0,10,1019,60,51,7,57,57,79,1100
SEA,2017-09-23,5,235,113,0.0,10,1019,57,51,7,59,58,77,1200
SEA,2017-09-23,5,214,113,0.0,10,1019,43,51,7,61,61,72,1300
SEA,2017-09-23,6,193,113,0.0,10,1019,29,52,8,63,63,67,1400
SEA,2017-09-23,6,173,113,0.0,10,1019,14,52,8,65,65,63,1500
SEA,2017-09-23,6,124,113,0.0,10,1019,10,53,8,67,67,62,1600
SEA,2017-09-23,5,74,113,0.0,10,1018,5,54,7,68,68,61,1700
SEA,2017-09-23,5,25,113,0.0,10,1018,0,56,7,70,70,60,1800
SEA,2017-09-23,4,41,113,0.0,10,1019,1,56,6,69,69,62,1900
SEA,2017-09-23,3,56,113,0.0,10,1019,1,56,5,69,69,63,2000
SEA,2017-09-23,3,72,113,0.0,10,1019,2,56,4,68,68,65,2100
SEA,2017-09-23,2,84,113,0.0,10,1019,3,55,4,66,66,68,2200
SEA,2017-09-23,2,95,113,0.0,10,1019,3,54,4,64,64,71,2300
SEA,2017-09-24,2,107,113,0.0,10,1020,4,53,3,62,62,74,0
SEA,2017-09-24,2,111,113,0.0,10,1020,7,53,3,61,61,76,100
SEA,2017-09-24,2,115,116,0.0,10,1020,10,54,3,60,60,78,200
SEA,2017-09-24,2,120,116,0.0,10,1020,14,54,3,60,60,81,300
SEA,2017-09-24,2,128,116,0.0,10,1020,26,52,3,57,57,82,400
SEA,2017-09-24,2,137,119,0.0,10,1020,38,50,3,55,55,83,500
SEA,2017-09-24,2,146,119,0.0,10,1020,50,48,3,53,53,84,600
SEA,2017-09-24,2,162,119,0.0,10,1020,59,48,3,54,54,81,700
SEA,2017-09-24,2,179,122,0.0,10,1021,69,48,3,55,55,78,800
SEA,2017-09-24,2,196,122,0.0,10,1021,79,48,3,56,56,75,900
SEA,2017-09-24,3,216,122,0.0,10,1021,75,49,4,59,59,70,1000
SEA,2017-09-24,4,235,113,0.0,10,1021,71,49,5,62,62,64,1100
SEA,2017-09-24,5,255,113,0.0,10,1020,67,50,6,65,65,59,1200
SEA,2017-09-24,6,235,113,0.0,10,1020,44,51,7,68,68,55,1300
SEA,2017-09-24,6,216,113,0.0,10,1020,22,52,8,71,71,52,1400
SEA,2017-09-24,7,197,113,0.0,10,1020,0,53,9,74,74,48,1500
SEA,2017-09-24,7,136,113,0.0,10,1019,4,53,9,73,73,49,1600
SEA,2017-09-24,6,76,116,0.0,10,1019,8,53,8,72,72,50,1700
SEA,2017-09-24,6,15,116,0.0,10,1019,11,53,8,71,71,52,1800
SEA,2017-09-24,6,32,116,0.0,10,1019,21,52,7,69,69,55,1900
SEA,2017-09-24,5,49,116,0.0,10,1019,30,51,6,67,67,58,2000
SEA,2017-09-24,5,66,116,0.0,10,1019,40,51,6,64,64,62,2100
SEA,2017-09-24,4,91,116,0.0,10,1019,46,51,5,63,63,64,2200
SEA,2017-09-24,3,116,119,0.0,10,1019,52,51,4,62,62,66,2300
SEA,2017-09-25,2,141,119,0.0,10,1019,59,51,3,61,61,69,0
SEA,2017-09-25,3,153,119,0.0,10,1019,67,50,4,60,60,70,100
SEA,2017-09-25,3,165,122,0.0,10,1019,76,50,5,60,60,72,200
SEA,2017-09-25,4,178,122,0.0,10,1019,84,50,6,59,59,73,300
SEA,2017-09-25,4,180,122,0.0,10,1019,89,50,6,59,59,73,400
SEA,2017-09-25,4,181,122,0.0,10,1019,95,50,6,59,59,74,500
SEA,2017-09-25,4,183,122,0.0,10,1019,100,50,6,58,58,74,600
SEA,2017-09-25,4,187,122,0.0,10,1019,99,50,6,59,59,74,700
SEA,2017-09-25,5,191,122,0.0,10,1020,99,51,6,59,59,73,800
SEA,2017-09-25,5,195,122,0.0,10,1020,98,51,6,59,59,73,900
SEA,2017-09-25,6,202,122,0.0,10,1020,93,51,8,61,61,71,1000
SEA,2017-09-25,8,210,116,0.0,10,1020,88,52,10,62,62,69,1100
SEA,2017-09-25,9,218,116,0.0,10,1020,83,52,11,63,63,68,1200
SEA,2017-09-25,10,220,116,0.0,10,1020,71,52,12,64,64,66,1300
SEA,2017-09-25,10,222,113,0.0,10,1020,58,53,12,65,65,65,1400
SEA,2017-09-25,11,225,113,0.0,10,1020,46,53,13,65,65,64,1500
SEA,2017-09-25,9,224,113,0.0,10,1020,43,53,13,65,65,66,1600
SEA,2017-09-25,7,222,119,0.0,10,1019,41,54,12,65,65,67,1700
SEA,2017-09-25,6,221,119,0.0,10,1019,38,54,12,65,65,69,1800
SEA,2017-09-25,5,210,119,0.0,10,1019,48,55,10,64,64,72,1900
SEA,2017-09-25,4,199,116,0.0,10,1019,58,55,8,63,63,76,2000
SEA,2017-09-25,4,188,116,0.0,10,1019,68,55,5,62,62,80,2100
SEA,2017-09-25,3,166,116,0.0,10,1019,57,55,5,61,61,81,2200
SEA,2017-09-25,3,143,116,0.0,10,1020,46,55,5,60,61,83,2300
SEA,2017-09-26,3,121,116,0.0,10,1020,35,55,5,60,60,84,0
SEA,2017-09-26,3,110,116,0.0,10,1020,36,55,5,59,60,84,100
SEA,2017-09-26,3,99,116,0.0,10,1020,38,54,5,59,59,84,200
SEA,2017-09-26,3,88,116,0.0,10,1020,39,53,5,58,59,84,300
SEA,2017-09-26,3,75,116,0.0,10,1020,43,53,5,58,59,84,400
SEA,2017-09-26,3,63,116,0.0,10,1021,47,52,5,57,58,83,500
SEA,2017-09-26,3,50,116,0.0,10,1021,51,51,5,57,58,82,600
SEA,2017-09-26,3,79,116,0.0,10,1021,45,52,5,58,59,79,700
SEA,2017-09-26,4,108,113,0.0,10,1021,39,52,5,59,60,76,800
SEA,2017-09-26,4,136,113,0.0,10,1022,32,52,5,61,61,73,900
SEA,2017-09-26,5,210,113,0.0,10,1021,22,53,6,64,64,68,1000
SEA,2017-09-26,5,285,113,0.0,10,1021,11,53,8,67,67,63,1100
SEA,2017-09-26,6,359,113,0.0,10,1021,1,54,9,70,70,58,1200
SEA,2017-09-26,8,320,113,0.0,10,1021,0,54,10,70,70,56,1300
SEA,2017-09-26,9,280,113,0.0,10,1020,0,54,11,71,71,55,1400
SEA,2017-09-26,11,241,113,0.0,10,1020,0,54,12,72,72,53,1500
SEA,2017-09-26,11,164,113,0.0,10,1020,0,54,13,71,71,55,1600
SEA,2017-09-26,11,87,113,0.0,10,1020,0,55,13,70,70,58,1700
SEA,2017-09-26,12,10,113,0.0,10,1019,0,55,13,69,69,60,1800
SEA,2017-09-26,10,12,113,0.0,10,1020,0,56,12,68,68,65,1900
SEA,2017-09-26,9,14,113,0.0,10,1020,0,57,12,67,67,70,2000
SEA,2017-09-26,8,16,113,0.0,10,1020,0,57,11,65,65,76,2100
SEA,2017-09-26,8,16,113,0.0,10,1020,0,58,10,64,64,78,2200
SEA,2017-09-26,7,17,113,0.0,10,1020,0,58,9,64,64,81,2300
SEA,2017-09-27,7,17,113,0.0,10,1020,0,58,8,63,63,84,0
SEA,2017-09-27,7,18,113,0.0,10,1020,1,58,8,62,62,85,100
SEA,2017-09-27,6,18,113,0.0,10,1020,1,58,7,62,62,87,200
SEA,2017-09-27,6,19,113,0.0,10,1020,1,58,7,61,61,88,300
SEA,2017-09-27,6,20,113,0.0,10,1019,1,57,7,61,61,88,400
SEA,2017-09-27,6,21,113,0.0,10,1019,2,56,7,60,60,89,500
SEA,2017-09-27,6,21,113,0.0,10,1019,2,56,6,59,59,89,600
SEA,2017-09-27,6,20,113,0.0,10,1019,2,55,7,60,60,85,700
SEA,2017-09-27,6,18,113,0.0,10,1019,2,54,7,61,61,81,800
SEA,2017-09-27,6,16,113,0.0,10,1019,3,53,8,62,62,76,900
SEA,2017-09-27,7,51,113,0.0,10,1019,2,54,9,66,66,68,1000
SEA,2017-09-27,8,85,113,0.0,10,1018,1,55,10,71,71,59,1100
SEA,2017-09-27,9,120,113,0.0,10,1018,0,55,11,76,76,50,1200
SEA,2017-09-27,9,198,113,0.0,10,1018,0,55,11,78,78,46,1300
SEA,2017-09-27,10,277,113,0.0,10,1017,0,56,12,81,81,42,1400
SEA,2017-09-27,10,355,113,0.0,10,1017,0,56,12,84,84,38,1500
SEA,2017-09-27,10,320,113,0.0,10,1016,0,56,12,83,83,40,1600
SEA,2017-09-27,10,285,113,0.0,10,1016,0,56,12,82,82,41,1700
SEA,2017-09-27,9,249,113,0.0,10,1015,0,56,11,82,82,43,1800
SEA,2017-09-27,9,180,113,0.0,10,1015,0,57,11,79,79,48,1900
SEA,2017-09-27,9,111,113,0.0,10,1015,0,58,10,77,77,52,2000
SEA,2017-09-27,8,42,113,0.0,10,1015,0,59,10,75,75,57,2100
SEA,2017-09-27,8,45,113,0.0,10,1015,0,58,10,74,74,59,2200
SEA,2017-09-27,8,48,113,0.0,10,1015,0,58,10,72,72,60,2300
SEA,2017-09-28,8,51,113,0.0,10,1015,0,57,10,71,71,62,0
SEA,2017-09-28,7,50,113,0.0,10,1015,0,56,9,70,70,61,100
SEA,2017-09-28,7,49,113,0.0,10,1015,0,56,8,70,70,61,200
SEA,2017-09-28,6,48,113,0.0,10,1015,0,55,8,69,69,61,300
SEA,2017-09-28,5,50,113,0.0,10,1014,0,54,7,68,68,61,400
SEA,2017-09-28,5,51,113,0.0,10,1014,0,53,6,67,67,61,500
SEA,2017-09-28,4,52,113,0.0,10,1014,0,53,5,66,66,61,600
SEA,2017-09-28,4,77,113,0.0,10,1014,0,52,5,67,67,59,700
SEA,2017-09-28,4,101,113,0.0,10,1014,0,52,5,69,69,56,800
SEA,2017-09-28,3,125,113,0.0,10,1013,0,51,5,70,70,54,900
SEA,2017-09-28,4,173,113,0.0,10,1013,0,52,6,74,74,48,1000
SEA,2017-09-28,4,221,113,0.0,10,1013,0,52,6,78,78,42,1100
SEA,2017-09-28,5,269,113,0.0,10,1013,0,52,6,82,82,36,1200
SEA,2017-09-28,6,263,113,0.0,10,1012,0,53,8,85,85,34,1300
SEA,2017-09-28,7,257,113,0.0,10,1012,0,53,9,87,87,32,1400
SEA,2017-09-28,8,252,113,0.0,10,1011,0,54,10,90,90,30,1500
SEA,2017-09-28,8,241,113,0.0,10,1011,0,54,10,89,89,31,1600
SEA,2017-09-28,8,230,113,0.0,10,1010,0,55,10,89,89,32,1700
SEA,2017-09-28,8,219,113,0.0,10,1010,0,55,10,88,88,33,1800
SEA,2017-09-28,7,202,113,0.0,10,1010,0,55,10,85,85,37,1900
SEA,2017-09-28,6,185,113,0.0,10,1010,0,55,11,82,82,41,2000
SEA,2017-09-28,6,168,113,0.0,10,1011,0,54,11,78,78,45,2100
SEA,2017-09-28,7,175,113,0.0,10,1011,1,55,13,75,75,52,2200
SEA,2017-09-28,7,182,113,0.0,10,1011,1,55,14,71,71,59,2300
SEA,2017-09-29,8,188,113,0.0,10,1012,2,55,15,67,67,66,0
SEA,2017-09-29,9,188,113,0.0,10,1012,12,56,16,65,65,72,100
SEA,2017-09-29,9,188,119,0.0,10,1012,22,56,16,63,63,78,200
SEA,2017-09-29,9,188,119,0.0,10,1012,32,56,16,61,61,84,300
SEA,2017-09-29,9,188,119,0.0,10,1012,52,56,16,60,60,87,400
SEA,2017-09-29,9,188,122,0.0,10,1012,71,56,15,59,58,90,500
SEA,2017-09-29,9,188,122,0.0,10,1013,91,56,15,58,57,93,600
SEA,2017-09-29,9,186,122,0.0,10,1013,94,56,15,58,57,93,700
SEA,2017-09-29,9,184,122,0.0,10,1013,97,56,15,58,57,92,800
SEA,2017-09-29,9,183,122,0.0,10,1014,100,56,15,58,56,92,900
SEA,2017-09-29,11,184,122,0.0,10,1014,94,56,15,59,58,89,1000
SEA,2017-09-29,12,186,116,0.0,10,1014,88,56,16,60,59,86,1100
SEA,2017-09-29,14,188,116,0.0,10,1014,82,56,17,61,60,84,1200
SEA,2017-09-29,15,192,116,0.0,10,1014,67,55,19,62,61,79,1300
SEA,2017-09-29,17,196,113,0.0,9,1014,52,55,21,63,63,74,1400
SEA,2017-09-29,18,201,113,0.0,9,1014,37,54,23,64,64,70,1500
SEA,2017-09-29,17,201,113,0.0,10,1014,31,53,24,64,63,69,1600
SEA,2017-09-29,17,201,113,0.0,10,1015,25,52,25,63,62,69,1700
SEA,2017-09-29,16,201,113,0.0,10,1015,20,51,26,62,62,68,1800
SEA,2017-09-29,16,197,113,0.0,10,1016,27,51,22,61,60,71,1900
SEA,2017-09-29,16,192,119,0.0,10,1016,34,51,19,59,59,73,2000
SEA,2017-09-29,15,188,119,0.0,10,1017,42,50,16,58,57,76,2100
SEA,2017-09-29,15,183,119,0.0,10,1017,56,50,16,57,57,77,2200
SEA,2017-09-29,15,178,119,0.0,10,1018,70,50,17,57,56,78,2300
SEA,2017-09-30,15,173,119,0.0,10,1018,84,49,17,56,55,79,0
SEA,2017-09-30,15,172,119,0.0,10,1018,79,49,17,55,55,79,100
SEA,2017-09-30,15,170,116,0.0,10,1018,74,49,16,55,54,80,200
SEA,2017-09-30,14,169,116,0.0,10,1019,69,49,16,55,53,80,300
SEA,2017-09-30,13,172,116,0.0,10,1019,64,49,15,54,53,81,400
SEA,2017-09-30,12,176,119,0.0,10,1018,58,48,14,54,53,81,500
SEA,2017-09-30,10,179,119,0.0,10,1018,53,48,13,54,52,81,600
SEA,2017-09-30,10,187,119,0.0,10,1018,59,48,13,54,53,79,700
SEA,2017-09-30,10,194,119,0.0,10,1019,65,47,13,55,53,77,800
SEA,2017-09-30,10,202,119,0.0,10,1019,71,47,13,55,53,76,900
SEA,2017-09-30,11,204,119,0.1,10,1019,71,47,13,56,55,72,1000
SEA,2017-09-30,11,207,353,0.3,10,1019,71,46,14,57,56,68,1100
SEA,2017-09-30,12,209,353,0.4,10,1019,72,46,14,58,57,64,1200
SEA,2017-09-30,12,202,353,0.5,10,1019,75,46,14,58,58,63,1300
SEA,2017-09-30,12,196,200,0.6,9,1019,78,45,14,58,59,62,1400
SEA,2017-09-30,12,189,200,0.7,9,1019,81,45,13,58,60,61,1500
SEA,2017-09-30,11,176,200,0.8,8,1019,86,46,13,58,59,63,1600
SEA,2017-09-30,11,163,356,0.9,8,1019,91,46,13,58,58,65,1700
SEA,2017-09-30,11,150,356,1.0,7,1018,97,46,13,57,58,67,1800
SEA,2017-09-30,10,165,356,1.5,7,1018,93,47,15,57,57,71,1900
SEA,2017-09-30,10,180,353,1.9,7,1018,89,48,16,56,56,74,2000
SEA,2017-09-30,9,195,353,2.4,7,1018,85,49,18,56,55,78,2100
SEA,2017-09-30,10,190,353,1.9,6,1018,79,49,16,55,55,78,2200
SEA,2017-09-30,11,186,119,1.4,6,1018,72,49,14,55,55,79,2300
